{
  "active": true,
  "find_videos": {
    "ignore_urls": [],
    "patterns": [
      {
        "pattern": "(?:rapidvideo|rapidvid).(?:org|com|to|is)/(?:\\?v=|e/|embed/|v/|d/)([A-z0-9]+)",
        "url": "https://www.rapidvideo.com/e/\\1"
      }
    ]
  },
  "free": true,
  "id": "rapidvideo",
  "name": "rapidvideo",
  "settings": [
    {
      "default": false,
      "enabled": true,
      "id": "black_list",
      "label": "@60654",
      "type": "bool",
      "visible": true
    },
    {
      "default": 0,
      "enabled": true,
      "id": "favorites_servers_list",
      "label": "@60655",
      "lvalues": [
        "No",
        "1",
        "2",
        "3",
        "4",
        "5"
      ],
      "type": "list",
      "visible": false
    }
  ],
  "thumbnail": "https://s26.postimg.cc/y5arjad1l/rapidvideo1.png"
}
